{
	"credit": "by UplandKarma with blockbench",
	"textures": {
		"particle": "blocks/bed_feet_top",
		"top": "blocks/bed_feet_top",
		"bottom": "blocks/planks_oak",
		"end": "blocks/bed_feet_end",
		"side": "blocks/bed_feet_side"
	},
	"elements": [
		{
			"from": [0, 0, 1],
			"to": [16, 9, 17],
			"faces": {
				"north": {"uv": [0, 7, 16, 16], "texture": "#end"},
				"east": {"uv": [16, 7, 0, 16], "texture": "#side"},
				"west": {"uv": [0, 7, 16, 16], "texture": "#side"},
				"up": {"uv": [0, 16, 16, 0], "rotation": 90, "texture": "#top"}
			}
		},
		{
			"from": [0, 3, 1],
			"to": [16, 3, 17],
			"faces": {
				"down": {"uv": [0, 0, 16, 16], "texture": "#bottom"}
			}
		},
		{
			"from": [0, 0, 0],
			"to": [16, 13, 1],
			"faces": {
				"north": {"uv": [0, 3, 16, 16], "texture": "#bottom"},
				"east": {"uv": [0, 3, 1, 16], "texture": "#bottom"},
				"south": {"uv": [0, 3, 16, 16], "texture": "#bottom"},
				"west": {"uv": [0, 3, 1, 16], "texture": "#bottom"},
				"up": {"uv": [0, 3, 16, 4], "texture": "#bottom"},
				"down": {"uv": [0, 0, 16, 1], "texture": "#missing"}
			}
		}
	]
}