{
	"credit": "by UplandKarma with blockbench",
	"textures": {
		"4": "blocks/leg",
		"5": "blocks/body",
		"6": "blocks/ear_1",
		"7": "blocks/ear_2",
		"8": "blocks/head",
		"9": "blocks/planks_oak",
		"particle": "blocks/bed_head_top",
		"top": "blocks/bed_head_top",
		"bottom": "blocks/headboard",
		"end": "blocks/bed_head_end",
		"side": "blocks/bed_head_side"
	},
	"elements": [
		{
			"name": "leg 2",
			"from": [4, 9, -9],
			"to": [7, 12, -5],
			"rotation": {"angle": 0, "axis": "y", "origin": [0, 19, 0]},
			"faces": {
				"north": {"uv": [3, 0, 6, 3], "texture": "#4"},
				"east": {"uv": [9, 3, 12, 7], "texture": "#4"},
				"south": {"uv": [6, 0, 9, 3], "texture": "#4"},
				"west": {"uv": [0, 3, 3, 7], "texture": "#4"},
				"up": {"uv": [6, 7, 3, 3], "rotation": 180, "texture": "#4"},
				"down": {"uv": [9, 3, 6, 7], "rotation": 180, "texture": "#4"}
			}
		},
		{
			"name": "leg 4",
			"from": [9, 9, -9],
			"to": [12, 12, -5],
			"rotation": {"angle": 0, "axis": "y", "origin": [0, 19, 0]},
			"faces": {
				"north": {"uv": [3, 0, 6, 3], "texture": "#4"},
				"east": {"uv": [9, 3, 12, 7], "texture": "#4"},
				"south": {"uv": [6, 0, 9, 3], "texture": "#4"},
				"west": {"uv": [0, 3, 3, 7], "texture": "#4"},
				"up": {"uv": [6, 7, 3, 3], "rotation": 180, "texture": "#4"},
				"down": {"uv": [9, 3, 6, 7], "rotation": 180, "texture": "#4"}
			}
		},
		{
			"name": "leg 3",
			"from": [4, 9, 5],
			"to": [7, 12, 9],
			"rotation": {"angle": 0, "axis": "y", "origin": [0, 19, 0]},
			"faces": {
				"north": {"uv": [3, 0, 6, 3], "texture": "#4"},
				"east": {"uv": [9, 3, 12, 7], "texture": "#4"},
				"south": {"uv": [6, 0, 9, 3], "texture": "#4"},
				"west": {"uv": [0, 3, 3, 7], "texture": "#4"},
				"up": {"uv": [6, 7, 3, 3], "rotation": 180, "texture": "#4"},
				"down": {"uv": [9, 3, 6, 7], "rotation": 180, "texture": "#4"}
			}
		},
		{
			"name": "leg 5",
			"from": [9, 9, 5],
			"to": [12, 12, 9],
			"rotation": {"angle": 0, "axis": "y", "origin": [0, 19, 0]},
			"faces": {
				"north": {"uv": [3, 0, 6, 3], "texture": "#4"},
				"east": {"uv": [9, 3, 12, 7], "texture": "#4"},
				"south": {"uv": [6, 0, 9, 3], "texture": "#4"},
				"west": {"uv": [0, 3, 3, 7], "texture": "#4"},
				"up": {"uv": [6, 7, 3, 3], "rotation": 180, "texture": "#4"},
				"down": {"uv": [9, 3, 6, 7], "rotation": 180, "texture": "#4"}
			}
		},
		{
			"name": "body",
			"from": [3, 9, -5],
			"to": [13, 13, 5],
			"rotation": {"angle": 0, "axis": "y", "origin": [4, 5, 1]},
			"faces": {
				"north": {"uv": [10, 2.5, 7.5, 3.5], "texture": "#5"},
				"east": {"uv": [5, 2.5, 7.5, 3.5], "texture": "#5"},
				"south": {"uv": [2.5, 2.5, 5, 3.5], "texture": "#5"},
				"west": {"uv": [0, 2.5, 2.5, 3.5], "texture": "#5"},
				"up": {"uv": [5, 2.5, 2.5, 0], "rotation": 180, "texture": "#5"},
				"down": {"uv": [7.5, 0, 5, 2.5], "rotation": 180, "texture": "#5"}
			}
		},
		{
			"name": "head",
			"from": [4, 13, 1],
			"to": [12, 18, 8],
			"rotation": {"angle": 0, "axis": "y", "origin": [4, 5, 1]},
			"faces": {
				"north": {"uv": [7.5, 1.75, 5.75, 3], "texture": "#8"},
				"east": {"uv": [3.75, 1.75, 5.75, 3], "texture": "#8"},
				"south": {"uv": [1.75, 1.75, 3.75, 3], "texture": "#8"},
				"west": {"uv": [0, 1.75, 1.75, 3], "texture": "#8"},
				"up": {"uv": [1.75, 0, 3.75, 1.75], "rotation": 180, "texture": "#8"},
				"down": {"uv": [5.75, 0, 3.75, 1.75], "rotation": 180, "texture": "#8"}
			}
		},
		{
			"from": [11, 18, 1],
			"to": [12, 19, 2],
			"rotation": {"angle": 0, "axis": "y", "origin": [4, 5, 1]},
			"faces": {
				"north": {"uv": [4, 1, 3, 2], "texture": "#6"},
				"east": {"uv": [1, 1, 0, 2], "texture": "#6"},
				"south": {"uv": [2, 1, 1, 2], "texture": "#6"},
				"west": {"uv": [3, 1, 2, 2], "texture": "#6"},
				"up": {"uv": [1, 1, 2, 0], "rotation": 180, "texture": "#6"},
				"down": {"uv": [2, 0, 3, 1], "rotation": 180, "texture": "#6"}
			}
		},
		{
			"from": [4, 17, 0],
			"to": [5, 18, 1],
			"rotation": {"angle": 0, "axis": "y", "origin": [-3, 5, 1]},
			"faces": {
				"north": {"uv": [3, 1, 4, 2], "texture": "#6"},
				"east": {"uv": [2, 1, 3, 2], "texture": "#6"},
				"south": {"uv": [1, 1, 2, 2], "texture": "#6"},
				"west": {"uv": [0, 1, 1, 2], "texture": "#6"},
				"up": {"uv": [2, 1, 1, 0], "rotation": 180, "texture": "#6"},
				"down": {"uv": [3, 0, 2, 1], "rotation": 180, "texture": "#6"}
			}
		},
		{
			"from": [4, 18, 0],
			"to": [5, 19, 1],
			"rotation": {"angle": 0, "axis": "y", "origin": [-3, 5, 1]},
			"faces": {
				"north": {"uv": [3, 1, 4, 2], "texture": "#7"},
				"east": {"uv": [2, 1, 3, 2], "texture": "#7"},
				"south": {"uv": [1, 1, 2, 2], "texture": "#7"},
				"west": {"uv": [0, 1, 1, 2], "texture": "#7"},
				"up": {"uv": [2, 1, 1, 0], "rotation": 180, "texture": "#7"},
				"down": {"uv": [3, 0, 2, 1], "rotation": 180, "texture": "#7"}
			}
		},
		{
			"from": [4, 18, 1],
			"to": [5, 19, 2],
			"rotation": {"angle": 0, "axis": "y", "origin": [-3, 5, 1]},
			"faces": {
				"north": {"uv": [3, 1, 4, 2], "texture": "#6"},
				"east": {"uv": [2, 1, 3, 2], "texture": "#6"},
				"south": {"uv": [1, 1, 2, 2], "texture": "#6"},
				"west": {"uv": [0, 1, 1, 2], "texture": "#6"},
				"up": {"uv": [2, 1, 1, 0], "rotation": 180, "texture": "#6"},
				"down": {"uv": [3, 0, 2, 1], "rotation": 180, "texture": "#6"}
			}
		},
		{
			"from": [11, 17, 0],
			"to": [12, 18, 1],
			"rotation": {"angle": 0, "axis": "y", "origin": [4, 5, 1]},
			"faces": {
				"north": {"uv": [3, 1, 4, 2], "texture": "#6"},
				"east": {"uv": [2, 1, 3, 2], "texture": "#6"},
				"south": {"uv": [1, 1, 2, 2], "texture": "#6"},
				"west": {"uv": [0, 1, 1, 2], "texture": "#6"},
				"up": {"uv": [2, 1, 1, 0], "rotation": 180, "texture": "#6"},
				"down": {"uv": [3, 0, 2, 1], "rotation": 180, "texture": "#6"}
			}
		},
		{
			"from": [11, 18, 0],
			"to": [12, 19, 1],
			"rotation": {"angle": 0, "axis": "y", "origin": [4, 5, 1]},
			"faces": {
				"north": {"uv": [3, 1, 4, 2], "texture": "#7"},
				"east": {"uv": [2, 1, 3, 2], "texture": "#7"},
				"south": {"uv": [1, 1, 2, 2], "texture": "#7"},
				"west": {"uv": [0, 1, 1, 2], "texture": "#7"},
				"up": {"uv": [2, 1, 1, 0], "rotation": 180, "texture": "#7"},
				"down": {"uv": [3, 0, 2, 1], "rotation": 180, "texture": "#7"}
			}
		},
		{
			"name": "bed",
			"from": [0, 0, -1],
			"to": [16, 9, 15],
			"faces": {
				"east": {"uv": [16, 7, 0, 16], "texture": "#side"},
				"south": {"uv": [0, 7, 16, 16], "texture": "#end"},
				"west": {"uv": [0, 7, 16, 16], "texture": "#side"},
				"up": {"uv": [0, 16, 16, 0], "rotation": 90, "texture": "#top"}
			}
		},
		{
			"name": "down",
			"from": [0, 3, -1],
			"to": [16, 3, 15],
			"faces": {
				"west": {"uv": [0, 0, 0, 0], "texture": "#bottom"},
				"down": {"uv": [0, 1, 16, 16], "texture": "#9"}
			}
		},
		{
			"name": "spinka",
			"from": [0, 0, 15],
			"to": [16, 10, 16],
			"shade": false,
			"faces": {
				"north": {"uv": [0, 2, 16, 12], "texture": "#9"},
				"east": {"uv": [0, 2, 1, 12], "texture": "#9"},
				"south": {"uv": [0, 6, 16, 16], "texture": "#9"},
				"west": {"uv": [15, 2, 16, 12], "texture": "#9"},
				"up": {"uv": [16, 2, 0, 1], "texture": "#9"},
				"down": {"uv": [16, 15, 0, 16], "texture": "#9"}
			}
		},
		{
			"from": [14, 10, 15],
			"to": [16, 16, 16],
			"faces": {
				"north": {"uv": [0, 0, 2, 6], "texture": "#9"},
				"east": {"uv": [0, 0, 1, 6], "texture": "#9"},
				"south": {"uv": [14, 0, 16, 6], "texture": "#9"},
				"west": {"uv": [15, 0, 16, 6], "texture": "#9"},
				"up": {"uv": [14, 0, 16, 1], "texture": "#9"},
				"down": {"uv": [0, 0, 2, 1], "texture": "#9"}
			}
		},
		{
			"from": [0, 10, 15],
			"to": [2, 16, 16],
			"faces": {
				"north": {"uv": [0, 0, 2, 6], "texture": "#9"},
				"east": {"uv": [0, 0, 1, 6], "texture": "#9"},
				"south": {"uv": [0, 0, 2, 6], "texture": "#9"},
				"west": {"uv": [0, 0, 1, 6], "texture": "#9"},
				"up": {"uv": [0, 0, 2, 1], "texture": "#9"},
				"down": {"uv": [0, 0, 2, 1], "texture": "#9"}
			}
		},
		{
			"from": [2, 14, 15],
			"to": [14, 16, 16],
			"faces": {
				"north": {"uv": [0, 0, 12, 2], "texture": "#9"},
				"east": {"uv": [0, 0, 1, 2], "texture": "#9"},
				"south": {"uv": [2, 0, 14, 2], "texture": "#9"},
				"west": {"uv": [0, 0, 1, 2], "texture": "#9"},
				"up": {"uv": [0, 0, 12, 1], "texture": "#9"},
				"down": {"uv": [0, 0, 12, 1], "texture": "#9"}
			}
		},
		{
			"from": [2, 10, 15],
			"to": [4, 12, 16],
			"faces": {
				"north": {"uv": [0, 0, 2, 2], "texture": "#9"},
				"east": {"uv": [0, 0, 1, 2], "texture": "#9"},
				"south": {"uv": [2, 4, 4, 6], "texture": "#9"},
				"west": {"uv": [0, 0, 1, 2], "texture": "#9"},
				"up": {"uv": [0, 0, 2, 1], "texture": "#9"},
				"down": {"uv": [0, 0, 2, 1], "texture": "#9"}
			}
		},
		{
			"from": [12, 10, 15],
			"to": [14, 12, 16],
			"faces": {
				"north": {"uv": [0, 0, 2, 2], "texture": "#9"},
				"east": {"uv": [0, 0, 1, 2], "texture": "#9"},
				"south": {"uv": [12, 4, 14, 6], "texture": "#9"},
				"west": {"uv": [0, 0, 1, 2], "texture": "#9"},
				"up": {"uv": [0, 0, 2, 1], "texture": "#9"},
				"down": {"uv": [0, 0, 2, 1], "texture": "#9"}
			}
		},
		{
			"from": [4, 10, 15],
			"to": [12, 11, 16],
			"faces": {
				"north": {"uv": [0, 0, 8, 1], "texture": "#9"},
				"east": {"uv": [0, 0, 1, 1], "texture": "#9"},
				"south": {"uv": [4, 5, 12, 6], "texture": "#9"},
				"west": {"uv": [0, 0, 1, 1], "texture": "#9"},
				"up": {"uv": [4, 4, 12, 5], "texture": "#9"},
				"down": {"uv": [4, 6, 12, 7], "texture": "#9"}
			}
		},
		{
			"from": [0, 0, 15],
			"to": [16, 10, 16],
			"faces": {
				"north": {"uv": [0, 3, 16, 16], "texture": "#9"},
				"east": {"uv": [0, 3, 1, 16], "texture": "#9"},
				"south": {"uv": [0, 3, 16, 16], "texture": "#9"},
				"west": {"uv": [0, 3, 1, 16], "texture": "#9"},
				"up": {"uv": [0, 3, 16, 4], "texture": "#9"},
				"down": {"uv": [0, 0, 16, 1], "texture": "#9"}
			}
		}
	],
	"groups": [
		{
			"name": "capybara",
			"origin": [0, 19, 0],
			"color": 0,
			"children": [0, 1, 2, 3, 4, 5, 6, 7, 8, 9, 10, 11]
		},
		12,
		13,
		14,
		15,
		16,
		17,
		18,
		19,
		20,
		21
	]
}