{
	"credit": "Made with Blockbench by Discordant",
	"textures": {
		"particle": "blocks/bed_feet_top",
		"top": "blocks/bed_feet_top",
		"bottom": "blocks/planks_oak"
	},
	"elements": [
		{
			"name": "Bed",
			"from": [1, 9, 1],
			"to": [15, 9, 16],
			"faces": {
				"north": {"uv": [0, 7, 16, 16], "texture": "#missing"},
				"east": {"uv": [16, 7, 0, 16], "texture": "#missing"},
				"west": {"uv": [0, 7, 16, 16], "texture": "#missing"},
				"up": {"uv": [1, 15, 16, 1], "rotation": 90, "texture": "#top"}
			}
		},
		{
			"name": "Underboard S",
			"from": [2, 3, 1],
			"to": [14, 4, 2],
			"faces": {
				"north": {"uv": [2, 0, 14, 1], "texture": "#bottom"},
				"east": {"uv": [2, 0, 14, 1], "texture": "#bottom"},
				"south": {"uv": [2, 0, 14, 1], "texture": "#bottom"},
				"west": {"uv": [2, 0, 14, 1], "texture": "#bottom"},
				"up": {"uv": [2, 0, 14, 1], "texture": "#bottom"},
				"down": {"uv": [2, 0, 14, 1], "texture": "#bottom"}
			}
		},
		{
			"name": "Sideboard W",
			"from": [0.5, 4, 2],
			"to": [1, 11, 16],
			"faces": {
				"north": {"uv": [2, 4, 3, 11], "texture": "#bottom"},
				"east": {"uv": [2, 4, 14, 11], "texture": "#bottom"},
				"south": {"uv": [13, 4, 14, 11], "texture": "#bottom"},
				"west": {"uv": [2, 4, 14, 11], "texture": "#bottom"},
				"up": {"uv": [2, 4, 14, 5], "rotation": 90, "texture": "#bottom"},
				"down": {"uv": [2, 10, 14, 11], "texture": "#bottom"}
			}
		},
		{
			"name": "Sideboard E",
			"from": [15, 4, 2],
			"to": [15.5, 11, 16],
			"faces": {
				"north": {"uv": [2, 8, 3, 15], "texture": "#bottom"},
				"east": {"uv": [2, 8, 14, 15], "texture": "#bottom"},
				"south": {"uv": [13, 8, 14, 15], "texture": "#bottom"},
				"west": {"uv": [2, 8, 14, 15], "texture": "#bottom"},
				"up": {"uv": [2, 8, 14, 9], "rotation": 90, "texture": "#bottom"},
				"down": {"uv": [2, 14, 14, 15], "texture": "#bottom"}
			}
		},
		{
			"name": "Backpost E",
			"from": [14, 0, 0],
			"to": [16, 13, 2],
			"faces": {
				"north": {"uv": [2, 2, 4, 15], "texture": "#bottom"},
				"east": {"uv": [0, 2, 2, 15], "texture": "#bottom"},
				"south": {"uv": [14, 2, 16, 15], "texture": "#bottom"},
				"west": {"uv": [4, 2, 6, 15], "texture": "#bottom"},
				"up": {"uv": [14, 1, 16, 3], "texture": "#bottom"},
				"down": {"uv": [14, 1, 16, 3], "texture": "#bottom"}
			}
		},
		{
			"name": "Backpost W",
			"from": [0, 0, 0],
			"to": [2, 13, 2],
			"faces": {
				"north": {"uv": [12, 2, 14, 15], "texture": "#bottom"},
				"east": {"uv": [10, 2, 12, 15], "texture": "#bottom"},
				"south": {"uv": [0, 2, 2, 15], "texture": "#bottom"},
				"west": {"uv": [14, 2, 16, 15], "texture": "#bottom"},
				"up": {"uv": [0, 1, 2, 3], "texture": "#bottom"},
				"down": {"uv": [0, 3, 2, 1], "texture": "#bottom"}
			}
		},
		{
			"name": "Underboard",
			"from": [0.5, 3, 2],
			"to": [15.5, 4, 16],
			"faces": {
				"north": {"uv": [0, 11, 16, 12], "texture": "#bottom"},
				"east": {"uv": [0, 11, 16, 12], "texture": "#bottom"},
				"south": {"uv": [0, 11, 16, 12], "texture": "#bottom"},
				"west": {"uv": [2, 11, 14, 12], "texture": "#bottom"},
				"up": {"uv": [0, 2, 16, 16], "texture": "#bottom"},
				"down": {"uv": [0, 2, 16, 16], "texture": "#bottom"}
			}
		},
		{
			"name": "Footboard",
			"from": [2, 3, 0],
			"to": [14, 11, 1],
			"faces": {
				"north": {"uv": [1, 4, 13, 12], "texture": "#bottom"},
				"east": {"uv": [12, 4, 13, 12], "texture": "#bottom"},
				"south": {"uv": [1, 4, 13, 12], "texture": "#bottom"},
				"west": {"uv": [1, 4, 2, 12], "texture": "#bottom"},
				"up": {"uv": [1, 4, 13, 5], "texture": "#bottom"},
				"down": {"uv": [1, 11, 13, 12], "texture": "#bottom"}
			}
		}
	],
	"groups": [
		0,
		{
			"name": "Bedboards",
			"origin": [8, 8, 8],
			"color": 0,
			"children": [1, 2, 3, 4, 5, 6, 7]
		}
	]
}