{
	"credit": "Made with Blockbench by Discordant",
	"textures": {
		"2": "blocks/bedless",
		"particle": "blocks/bed_head_top",
		"top": "blocks/bed_head_top",
		"bottom": "blocks/planks_oak"
	},
	"elements": [
		{
			"name": "Backboard Up+",
			"from": [2, 13, 14],
			"to": [14, 15, 16],
			"faces": {
				"north": {"uv": [2, 0, 14, 2], "texture": "#bottom"},
				"east": {"uv": [12, 0, 14, 1], "texture": "#bottom"},
				"south": {"uv": [2, 0, 14, 2], "texture": "#bottom"},
				"west": {"uv": [2, 0, 4, 1], "texture": "#bottom"},
				"up": {"uv": [2, 0, 14, 2], "texture": "#bottom"},
				"down": {"uv": [2, 0, 14, 2], "texture": "#bottom"}
			}
		},
		{
			"name": "Backboard Up",
			"from": [2, 11, 14],
			"to": [14, 12, 16],
			"faces": {
				"north": {"uv": [2, 3, 14, 4], "texture": "#bottom"},
				"east": {"uv": [12, 2, 14, 3], "texture": "#bottom"},
				"south": {"uv": [2, 3, 14, 4], "texture": "#bottom"},
				"west": {"uv": [2, 2, 4, 3], "texture": "#bottom"},
				"up": {"uv": [2, 2, 14, 4], "texture": "#bottom"},
				"down": {"uv": [2, 2, 14, 4], "texture": "#bottom"}
			}
		},
		{
			"name": "Sideboard E",
			"from": [15, 4, 0],
			"to": [15.5, 11, 14],
			"faces": {
				"north": {"uv": [2, 8, 3, 15], "texture": "#bottom"},
				"east": {"uv": [2, 8, 14, 15], "texture": "#bottom"},
				"south": {"uv": [2, 8, 14, 15], "texture": "#bottom"},
				"west": {"uv": [2, 8, 14, 15], "texture": "#bottom"},
				"up": {"uv": [2, 8, 14, 9], "rotation": 90, "texture": "#bottom"},
				"down": {"uv": [2, 14, 14, 15], "texture": "#bottom"}
			}
		},
		{
			"name": "Sideboard W",
			"from": [0.5, 4, 0],
			"to": [1, 11, 14],
			"faces": {
				"north": {"uv": [2, 4, 3, 11], "texture": "#bottom"},
				"east": {"uv": [2, 4, 14, 11], "texture": "#bottom"},
				"south": {"uv": [2, 4, 14, 11], "texture": "#bottom"},
				"west": {"uv": [2, 4, 14, 11], "texture": "#bottom"},
				"up": {"uv": [2, 4, 14, 5], "rotation": 90, "texture": "#bottom"},
				"down": {"uv": [2, 10, 14, 11], "texture": "#bottom"}
			}
		},
		{
			"name": "Backboard",
			"from": [2, 3, 15],
			"to": [14, 11, 16],
			"faces": {
				"north": {"uv": [2, 4, 14, 12], "texture": "#bottom"},
				"east": {"uv": [13, 4, 14, 12], "texture": "#bottom"},
				"south": {"uv": [2, 4, 14, 12], "texture": "#bottom"},
				"west": {"uv": [2, 4, 3, 12], "texture": "#bottom"},
				"up": {"uv": [2, 4, 14, 5], "texture": "#bottom"},
				"down": {"uv": [2, 11, 14, 12], "texture": "#bottom"}
			}
		},
		{
			"name": "Backpost W",
			"from": [0, 0, 14],
			"to": [2, 15, 16],
			"faces": {
				"north": {"uv": [12, 0, 14, 15], "texture": "#bottom"},
				"east": {"uv": [10, 0, 12, 15], "texture": "#bottom"},
				"south": {"uv": [0, 0, 2, 15], "texture": "#bottom"},
				"west": {"uv": [14, 0, 16, 15], "texture": "#bottom"},
				"up": {"uv": [0, 0, 2, 2], "texture": "#bottom"},
				"down": {"uv": [0, 0, 2, 2], "texture": "#bottom"}
			}
		},
		{
			"name": "Backpost E",
			"from": [14, 0, 14],
			"to": [16, 15, 16],
			"faces": {
				"north": {"uv": [2, 0, 4, 15], "texture": "#bottom"},
				"east": {"uv": [0, 0, 2, 15], "texture": "#bottom"},
				"south": {"uv": [14, 0, 16, 15], "texture": "#bottom"},
				"west": {"uv": [4, 0, 6, 15], "texture": "#bottom"},
				"up": {"uv": [14, 0, 16, 2], "texture": "#bottom"},
				"down": {"uv": [14, 0, 16, 2], "texture": "#bottom"}
			}
		},
		{
			"name": "Underboard",
			"from": [0.5, 3, 0],
			"to": [15.5, 4, 14],
			"faces": {
				"north": {"uv": [0, 11, 16, 12], "texture": "#bottom"},
				"east": {"uv": [0, 11, 16, 12], "texture": "#bottom"},
				"south": {"uv": [0, 11, 16, 12], "texture": "#bottom"},
				"west": {"uv": [2, 11, 14, 12], "texture": "#bottom"},
				"up": {"uv": [0, 2, 16, 16], "texture": "#bottom"},
				"down": {"uv": [0, 2, 16, 16], "texture": "#bottom"}
			}
		},
		{
			"name": "Underboard S",
			"from": [2, 3, 14],
			"to": [14, 4, 15],
			"faces": {
				"north": {"uv": [2, 0, 14, 1], "texture": "#bottom"},
				"east": {"uv": [2, 0, 14, 1], "texture": "#bottom"},
				"south": {"uv": [2, 0, 14, 1], "texture": "#bottom"},
				"west": {"uv": [2, 0, 14, 1], "texture": "#bottom"},
				"up": {"uv": [2, 0, 14, 1], "texture": "#bottom"},
				"down": {"uv": [2, 0, 14, 1], "texture": "#bottom"}
			}
		},
		{
			"name": "Trademark",
			"from": [13.8, 3, 16],
			"to": [16, 3.3, 16],
			"faces": {
				"north": {"uv": [0, 0, 8, 1], "texture": "#missing"},
				"east": {"uv": [0, 0, 0, 1], "texture": "#missing"},
				"south": {"uv": [0.09375, 0.875, 1.95313, 1.09375], "texture": "#2"},
				"west": {"uv": [0, 0, 0, 1], "texture": "#missing"},
				"up": {"uv": [0, 0, 8, 0], "texture": "#missing"},
				"down": {"uv": [0, 0, 8, 0], "texture": "#missing"}
			}
		},
		{
			"name": "Pillow",
			"from": [2, 9, 8],
			"to": [14, 10, 13],
			"faces": {
				"north": {"uv": [8, 2, 9, 14], "rotation": 90, "texture": "#top"},
				"east": {"uv": [14, 14, 9, 15], "texture": "#top"},
				"south": {"uv": [15, 2, 14, 14], "rotation": 90, "texture": "#top"},
				"west": {"uv": [9, 1, 14, 2], "texture": "#top"},
				"up": {"uv": [9, 2, 14, 14], "rotation": 90, "texture": "#top"},
				"down": {"uv": [9, 2, 14, 14], "rotation": 180, "texture": "#top"}
			}
		},
		{
			"name": "Blanket-Fold",
			"from": [1, 9, 1],
			"to": [15, 9.5, 7],
			"faces": {
				"north": {"uv": [0, 1, 1, 15], "rotation": 270, "texture": "#top"},
				"south": {"uv": [6, 1, 7, 15], "rotation": 90, "texture": "#top"},
				"up": {"uv": [1, 1, 7, 15], "rotation": 90, "texture": "#top"},
				"down": {"uv": [1, 1, 7, 15], "texture": "#top"}
			}
		},
		{
			"name": "Bed",
			"from": [1, 9, 0],
			"to": [15, 9, 15],
			"faces": {
				"east": {"uv": [16, 7, 0, 16], "texture": "#missing"},
				"south": {"uv": [0, 7, 16, 16], "texture": "#missing"},
				"west": {"uv": [0, 7, 16, 16], "texture": "#missing"},
				"up": {"uv": [1, 15, 16, 1], "rotation": 90, "texture": "#top"}
			}
		},
		{
			"name": "Bedless Head",
			"from": [6, 12, 9],
			"to": [10, 16, 13],
			"faces": {
				"north": {"uv": [2, 2, 4, 4], "texture": "#2"},
				"east": {"uv": [0, 2, 2, 4], "texture": "#2"},
				"south": {"uv": [6, 0, 4, 2], "texture": "#2"},
				"west": {"uv": [6, 2, 4, 4], "texture": "#2"},
				"up": {"uv": [2, 0, 4, 2], "texture": "#2"},
				"down": {"uv": [6, 2, 8, 4], "texture": "#2"}
			}
		},
		{
			"name": "Bedless Body",
			"from": [7, 11, 10],
			"to": [9, 12, 12],
			"faces": {
				"north": {"uv": [5, 6.25, 7, 7.25], "texture": "#2"},
				"east": {"uv": [5, 6.25, 7, 7.25], "texture": "#2"},
				"south": {"uv": [5, 6.25, 7, 7.25], "texture": "#2"},
				"west": {"uv": [5, 6.25, 7, 7.25], "texture": "#2"},
				"up": {"uv": [5, 6.25, 7, 7.25], "texture": "#2"},
				"down": {"uv": [5, 5.75, 7, 7.25], "texture": "#2"}
			}
		},
		{
			"name": "Right Leg",
			"from": [11.5, 10, 4.5],
			"to": [12.5, 11, 7.5],
			"rotation": {"angle": -22.5, "axis": "y", "origin": [0, 0, 0]},
			"faces": {
				"north": {"uv": [0, 7, 1, 8], "texture": "#2"},
				"east": {"uv": [0, 5.25, 1, 8], "rotation": 90, "texture": "#2"},
				"south": {"uv": [0, 7, 1, 8], "texture": "#2"},
				"west": {"uv": [0, 5.25, 1, 8], "rotation": 270, "texture": "#2"},
				"up": {"uv": [0, 5.25, 1, 8], "texture": "#2"},
				"down": {"uv": [0, 5.25, 1, 8], "texture": "#2"}
			}
		},
		{
			"name": "Left Leg",
			"from": [2.5, 10, 10.5],
			"to": [3.5, 11, 13.5],
			"rotation": {"angle": 22.5, "axis": "y", "origin": [0, 0, 0]},
			"faces": {
				"north": {"uv": [1, 7, 2, 8], "texture": "#2"},
				"east": {"uv": [1, 5.25, 2, 8], "rotation": 90, "texture": "#2"},
				"south": {"uv": [1, 7, 2, 8], "texture": "#2"},
				"west": {"uv": [1, 5.25, 2, 8], "rotation": 270, "texture": "#2"},
				"up": {"uv": [1, 5.25, 2, 8], "texture": "#2"},
				"down": {"uv": [1, 5.25, 2, 8], "texture": "#2"}
			}
		},
		{
			"name": "Left Arm",
			"from": [8.5, 11, 6.5],
			"to": [10.5, 12, 7.5],
			"rotation": {"angle": -22.5, "axis": "y", "origin": [0, 0, 0]},
			"faces": {
				"north": {"uv": [11, 5.5, 12, 7.5], "rotation": 90, "texture": "#2"},
				"east": {"uv": [11, 6.5, 12, 7.5], "rotation": 90, "texture": "#2"},
				"south": {"uv": [11, 5.5, 12, 7.5], "rotation": 90, "texture": "#2"},
				"west": {"uv": [11, 6.5, 12, 7.5], "rotation": 90, "texture": "#2"},
				"up": {"uv": [11, 5.5, 12, 7.5], "rotation": 90, "texture": "#2"},
				"down": {"uv": [11, 5.5, 12, 7.5], "rotation": 90, "texture": "#2"}
			}
		},
		{
			"name": "Right Arm",
			"from": [4, 11, 12.5],
			"to": [6, 12, 13.5],
			"rotation": {"angle": 22.5, "axis": "y", "origin": [0, 0, 0]},
			"faces": {
				"north": {"uv": [11, 7.5, 12, 5.5], "rotation": 90, "texture": "#2"},
				"east": {"uv": [11, 6.5, 12, 7.5], "rotation": 90, "texture": "#2"},
				"south": {"uv": [11, 7.5, 12, 5.5], "rotation": 90, "texture": "#2"},
				"west": {"uv": [11, 6.5, 12, 7.5], "rotation": 90, "texture": "#2"},
				"up": {"uv": [11, 7.5, 12, 5.5], "rotation": 90, "texture": "#2"},
				"down": {"uv": [11, 7.5, 12, 5.5], "rotation": 90, "texture": "#2"}
			}
		}
	],
	"groups": [
		{
			"name": "Bedboards",
			"origin": [0, 0, 0],
			"color": 0,
			"children": [0, 1, 2, 3, 4, 5, 6, 7, 8, 9]
		},
		{
			"name": "Bed Components",
			"origin": [8, 8, 8],
			"color": 0,
			"children": [10, 11, 12]
		},
		{
			"name": "Bedless Plush",
			"origin": [8, 8, 8],
			"color": 0,
			"children": [13, 14, 15, 16, 17, 18]
		}
	]
}