{
	"credit": "Made with Blockbench",
	"ambientocclusion": false,
	"texture_size": [64, 64],
	"textures": {
		"side": "blocks/bed_feet_side",
		"particle": "blocks/bed_feet_top",
		"top": "blocks/bed_feet_top",
		"bottom": "blocks/planks_oak_flat",
		"end": "blocks/bed_feet_end"
	},
	"elements": [
		{
			"from": [1, 4, 2],
			"to": [15, 9, 16],
			"faces": {
				"north": {"uv": [0, 1.75, 4, 3.25], "texture": "#end"},
				"east": {"uv": [0.5, 1.75, 4, 3.25], "texture": "#side"},
				"west": {"uv": [0.5, 1.75, 4, 3.25], "texture": "#side"},
				"up": {"uv": [1, 1, 15, 15], "rotation": 90, "texture": "#top"},
				"down": {"uv": [1, 1, 15, 15], "texture": "#bottom"}
			}
		},
		{
			"from": [0, 3, 0],
			"to": [2, 12, 2],
			"faces": {
				"north": {"uv": [6, 4, 8, 13], "texture": "#bottom"},
				"east": {"uv": [6, 4, 8, 13], "texture": "#bottom"},
				"south": {"uv": [6, 4, 8, 13], "texture": "#bottom"},
				"west": {"uv": [6, 4, 8, 13], "texture": "#bottom"},
				"up": {"uv": [4, 1, 6, 3], "texture": "#bottom"},
				"down": {"uv": [0, 3.25, 0.75, 4], "texture": "#bottom"}
			}
		},
		{
			"from": [14, 3, 0],
			"to": [16, 12, 2],
			"faces": {
				"north": {"uv": [6, 4, 8, 13], "texture": "#bottom"},
				"east": {"uv": [6, 4, 8, 13], "texture": "#bottom"},
				"south": {"uv": [6, 4, 8, 13], "texture": "#bottom"},
				"west": {"uv": [6, 4, 8, 13], "texture": "#bottom"},
				"up": {"uv": [4, 1, 6, 3], "texture": "#bottom"},
				"down": {"uv": [0, 3.25, 0.75, 4], "texture": "#bottom"}
			}
		},
		{
			"from": [2, 4, 1],
			"to": [14, 10, 2],
			"faces": {
				"north": {"uv": [2, 2, 13, 8], "texture": "#bottom"},
				"east": {"uv": [0, 0, 0.25, 1.25], "texture": "#bottom"},
				"south": {"uv": [2, 2, 13, 7], "texture": "#bottom"},
				"west": {"uv": [0, 0, 0.25, 1.25], "texture": "#bottom"},
				"up": {"uv": [2, 2, 13, 3], "texture": "#bottom"},
				"down": {"uv": [2, 2, 13, 3], "texture": "#bottom"}
			}
		},
		{
			"from": [0, 4, 2],
			"to": [1, 10, 16],
			"faces": {
				"north": {"uv": [8, 8, 7, 3], "texture": "#bottom"},
				"east": {"uv": [16, 2, 0, 8], "texture": "#bottom"},
				"south": {"uv": [8, 2, 7, 8], "texture": "#bottom"},
				"west": {"uv": [16, 2, 0, 8], "texture": "#bottom"},
				"up": {"uv": [16, 6, 0, 7], "rotation": 270, "texture": "#bottom"},
				"down": {"uv": [0, 3, 16, 4], "rotation": 270, "texture": "#bottom"}
			}
		},
		{
			"from": [15, 4, 2],
			"to": [16, 10, 16],
			"faces": {
				"north": {"uv": [7, 3, 8, 8], "texture": "#bottom"},
				"east": {"uv": [0, 2, 14, 8], "texture": "#bottom"},
				"south": {"uv": [7, 2, 8, 8], "texture": "#bottom"},
				"west": {"uv": [0, 2, 16, 8], "texture": "#bottom"},
				"up": {"uv": [16, 7, 0, 6], "rotation": 270, "texture": "#bottom"},
				"down": {"uv": [0, 3, 16, 4], "rotation": 270, "texture": "#bottom"}
			}
		},
		{
			"from": [0, 0, 0],
			"to": [2, 3, 2],
			"faces": {
				"north": {"uv": [6, 4, 8, 7], "texture": "#bottom"},
				"east": {"uv": [7, 4, 9, 7], "texture": "#bottom"},
				"south": {"uv": [6, 4, 8, 7], "texture": "#bottom"},
				"west": {"uv": [7, 4, 9, 7], "texture": "#bottom"},
				"up": {"uv": [0, 0, 0.5, 0.5], "texture": "#bottom"},
				"down": {"uv": [6, 4, 8, 7], "texture": "#bottom"}
			}
		},
		{
			"from": [14, 0, 0],
			"to": [16, 3, 2],
			"faces": {
				"north": {"uv": [6, 4, 8, 7], "texture": "#bottom"},
				"east": {"uv": [7, 4, 9, 7], "texture": "#bottom"},
				"south": {"uv": [6, 4, 8, 7], "texture": "#bottom"},
				"west": {"uv": [7, 4, 9, 7], "texture": "#bottom"},
				"up": {"uv": [0, 0, 0.5, 0.5], "texture": "#bottom"},
				"down": {"uv": [6, 4, 8, 7], "texture": "#bottom"}
			}
		}
	],
	"groups": [
		0,
		1,
		2,
		3,
		{
			"name": "bed_head",
			"origin": [8, 8, 8],
			"color": 0,
			"children": [4, 5]
		},
		6,
		7
	]
}