{
	"credit": "Made with Blockbench",
	"ambientocclusion": false,
	"texture_size": [64, 64],
	"textures": {
		"3": "blocks/planks_oak_flat",
		"side": "blocks/bed_head_side",
		"particle": "blocks/bed_head_top"
	},
	"elements": [
		{
			"from": [0, 0, 14],
			"to": [2, 4, 16],
			"faces": {
				"north": {"uv": [6, 4, 8, 7], "texture": "#3"},
				"east": {"uv": [7, 4, 9, 7], "texture": "#3"},
				"south": {"uv": [6, 4, 8, 7], "texture": "#3"},
				"west": {"uv": [7, 4, 9, 7], "texture": "#3"},
				"up": {"uv": [11, 4.75, 10.5, 4.25], "texture": "#3"},
				"down": {"uv": [5.25, 10.5, 4.75, 11], "texture": "#3"}
			}
		},
		{
			"from": [14, 0, 14],
			"to": [16, 4, 16],
			"faces": {
				"north": {"uv": [6, 4, 8, 7], "texture": "#3"},
				"east": {"uv": [7, 4, 9, 7], "texture": "#3"},
				"south": {"uv": [6, 4, 8, 7], "texture": "#3"},
				"west": {"uv": [7, 4, 9, 7], "texture": "#3"},
				"up": {"uv": [11, 5.25, 10.5, 4.75], "texture": "#3"},
				"down": {"uv": [5.75, 10.5, 5.25, 11], "texture": "#3"}
			}
		},
		{
			"from": [0, 4, 0],
			"to": [1, 10, 14],
			"faces": {
				"north": {"uv": [8, 8, 7, 3], "texture": "#3"},
				"east": {"uv": [16, 3, 0, 8], "texture": "#3"},
				"south": {"uv": [8, 2, 7, 8], "texture": "#3"},
				"west": {"uv": [16, 2, 0, 8], "texture": "#3"},
				"up": {"uv": [16, 6, 0, 7], "rotation": 270, "texture": "#3"},
				"down": {"uv": [0, 3, 16, 4], "rotation": 270, "texture": "#3"}
			}
		},
		{
			"from": [15, 4, 0],
			"to": [16, 10, 14],
			"faces": {
				"north": {"uv": [7, 3, 8, 8], "texture": "#3"},
				"east": {"uv": [0, 2, 16, 8], "texture": "#3"},
				"south": {"uv": [7, 2, 8, 8], "texture": "#3"},
				"west": {"uv": [0, 3, 16, 8], "texture": "#3"},
				"up": {"uv": [16, 7, 0, 6], "rotation": 270, "texture": "#3"},
				"down": {"uv": [0, 3, 16, 4], "rotation": 270, "texture": "#3"}
			}
		},
		{
			"from": [2, 4, 15],
			"to": [14, 13, 16],
			"faces": {
				"north": {"uv": [3, 4, 14, 12], "texture": "#3"},
				"east": {"uv": [0, 0, 0, 1.25], "texture": "#3"},
				"south": {"uv": [3, 4, 14, 12], "texture": "#3"},
				"west": {"uv": [0, 0, 0, 1.25], "texture": "#3"},
				"up": {"uv": [0, 3, 11, 4], "texture": "#3"},
				"down": {"uv": [0, 3, 11, 4], "texture": "#3"}
			}
		},
		{
			"from": [1, 4, 0],
			"to": [15, 4, 15],
			"faces": {
				"north": {"uv": [0, 0, 4, 0], "texture": "#3"},
				"east": {"uv": [0, 0, 4, 0], "texture": "#3"},
				"south": {"uv": [0, 0, 4, 0], "texture": "#3"},
				"west": {"uv": [0, 0, 4, 0], "texture": "#3"},
				"up": {"uv": [16, 16, 0, 0], "texture": "#3"},
				"down": {"uv": [16, 0, 0, 16], "texture": "#3"}
			}
		},
		{
			"from": [1, 9, 0],
			"to": [15, 9, 15],
			"faces": {
				"north": {"uv": [0, 0, 4, 0], "texture": "#particle"},
				"east": {"uv": [0, 0, 4, 0], "texture": "#particle"},
				"south": {"uv": [0, 0, 4, 0], "texture": "#particle"},
				"west": {"uv": [0, 0, 4, 0], "texture": "#particle"},
				"up": {"uv": [15, 15, 0, 1], "rotation": 270, "texture": "#particle"},
				"down": {"uv": [8, 4, 4, 8], "texture": "#particle"}
			}
		},
		{
			"from": [0, 4, 14],
			"to": [2, 15, 16],
			"faces": {
				"north": {"uv": [7, 4, 9, 14], "texture": "#3"},
				"east": {"uv": [0, 3, 2, 8], "texture": "#3"},
				"south": {"uv": [0, 2, 2, 12], "texture": "#3"},
				"west": {"uv": [6, 4, 8, 14], "texture": "#3"},
				"up": {"uv": [6, 6, 8, 8], "texture": "#3"},
				"down": {"uv": [6.75, 10.5, 6.25, 11], "texture": "#3"}
			}
		},
		{
			"from": [2, 9, 9],
			"to": [14, 10, 14],
			"faces": {
				"north": {"uv": [8, 11, 9, 4], "rotation": 270, "texture": "#particle"},
				"east": {"uv": [8, 6, 9, 1], "rotation": 270, "texture": "#particle"},
				"south": {"uv": [6, 9, 7, 9], "rotation": 270, "texture": "#particle"},
				"west": {"uv": [8, 2, 9, 5], "rotation": 270, "texture": "#particle"},
				"up": {"uv": [14, 2, 8, 14], "rotation": 270, "texture": "#particle"},
				"down": {"uv": [10.5, 6.75, 8, 5.5], "rotation": 270, "texture": "#particle"}
			}
		},
		{
			"from": [16, 5, 20],
			"to": [32, 7, 25],
			"faces": {
				"east": {"uv": [9, 13, 4, 15], "texture": "#side"},
				"west": {"uv": [4, 13, 9, 15], "texture": "#side"}
			}
		},
		{
			"from": [14, 4, 14],
			"to": [16, 15, 16],
			"faces": {
				"north": {"uv": [7, 4, 9, 14], "texture": "#3"},
				"east": {"uv": [0, 3, 2, 8], "texture": "#3"},
				"south": {"uv": [0, 2, 2, 12], "texture": "#3"},
				"west": {"uv": [6, 4, 8, 14], "texture": "#3"},
				"up": {"uv": [6, 6, 8, 8], "texture": "#3"},
				"down": {"uv": [6.75, 10.5, 6.25, 11], "texture": "#3"}
			}
		}
	],
	"groups": [
		0,
		1,
		2,
		3,
		4,
		5,
		6,
		7,
		8,
		{
			"name": "bed_head",
			"origin": [8, 8, 8],
			"color": 0,
			"children": [
				9,
				{
					"name": "head",
					"origin": [0, 0, 0],
					"color": 0,
					"children": []
				}
			]
		},
		{
			"name": "body",
			"origin": [0, 6, 0],
			"color": 0,
			"children": []
		},
		{
			"name": "head",
			"origin": [0, 6, -5],
			"color": 0,
			"children": []
		},
		{
			"name": "tail",
			"origin": [0, 6.5, 5],
			"color": 0,
			"children": []
		},
		{
			"name": "top_gills",
			"origin": [0, 9, -6],
			"color": 0,
			"children": []
		},
		{
			"name": "left_gills",
			"origin": [-4, 7.5, -6],
			"color": 0,
			"children": []
		},
		{
			"name": "right_gills",
			"origin": [4, 7.5, -6],
			"color": 0,
			"children": []
		},
		10
	]
}