{
	"credit": "Made with Blockbench",
	"ambientocclusion": false,
	"textures": {
		"particle": "blocks/ladder",
		"texture": "blocks/ladder"
	},
	"elements": [
		{
			"from": [2, 0, 15],
			"to": [4, 16, 16],
			"rotation": {"angle": 0, "axis": "y", "origin": [0, 0, 4]},
			"faces": {
				"north": {"uv": [2, 0, 4, 16], "texture": "#texture"},
				"east": {"uv": [2, 0, 3, 16], "texture": "#texture"},
				"south": {"uv": [2, 0, 4, 16], "texture": "#texture"},
				"west": {"uv": [3, 0, 4, 16], "texture": "#texture"},
				"up": {"uv": [2, 15, 4, 16], "texture": "#texture"},
				"down": {"uv": [2, 0, 4, 1], "texture": "#texture"}
			}
		},
		{
			"from": [12, 0, 15],
			"to": [14, 16, 16],
			"rotation": {"angle": 0, "axis": "y", "origin": [0, 0, 4]},
			"faces": {
				"north": {"uv": [2, 0, 4, 16], "texture": "#texture"},
				"east": {"uv": [2, 0, 3, 16], "texture": "#texture"},
				"south": {"uv": [2, 0, 4, 16], "texture": "#texture"},
				"west": {"uv": [3, 0, 4, 16], "texture": "#texture"},
				"up": {"uv": [2, 15, 4, 16], "texture": "#texture"},
				"down": {"uv": [2, 0, 4, 1], "texture": "#texture"}
			}
		},
		{
			"from": [1, 1, 15],
			"to": [2, 3, 16],
			"rotation": {"angle": 0, "axis": "y", "origin": [0, 0, 4]},
			"faces": {
				"north": {"uv": [14, 13, 15, 15], "texture": "#texture"},
				"east": {"uv": [14, 13, 15, 15], "texture": "#texture"},
				"south": {"uv": [14, 13, 15, 15], "texture": "#texture"},
				"west": {"uv": [14, 13, 15, 15], "texture": "#texture"},
				"up": {"uv": [14, 14, 15, 15], "texture": "#texture"},
				"down": {"uv": [14, 13, 15, 14], "texture": "#texture"}
			}
		},
		{
			"from": [14, 1, 15],
			"to": [15, 3, 16],
			"rotation": {"angle": 0, "axis": "y", "origin": [0, 0, 4]},
			"faces": {
				"north": {"uv": [1, 13, 2, 15], "texture": "#texture"},
				"east": {"uv": [1, 13, 2, 15], "texture": "#texture"},
				"south": {"uv": [1, 13, 2, 15], "texture": "#texture"},
				"west": {"uv": [1, 13, 2, 15], "texture": "#texture"},
				"up": {"uv": [1, 14, 2, 15], "texture": "#texture"},
				"down": {"uv": [1, 13, 2, 14], "texture": "#texture"}
			}
		},
		{
			"from": [4, 1, 15],
			"to": [12, 3, 16],
			"rotation": {"angle": 0, "axis": "y", "origin": [0, 0, 4]},
			"faces": {
				"north": {"uv": [4, 13, 12, 15], "texture": "#texture"},
				"east": {"uv": [11, 13, 12, 15], "texture": "#texture"},
				"south": {"uv": [4, 13, 12, 15], "texture": "#texture"},
				"west": {"uv": [4, 13, 5, 15], "texture": "#texture"},
				"up": {"uv": [4, 14, 12, 15], "texture": "#texture"},
				"down": {"uv": [4, 13, 12, 14], "texture": "#texture"}
			}
		},
		{
			"from": [1, 5, 15],
			"to": [2, 7, 16],
			"rotation": {"angle": 0, "axis": "y", "origin": [0, 0, 4]},
			"faces": {
				"north": {"uv": [14, 13, 15, 15], "texture": "#texture"},
				"east": {"uv": [14, 13, 15, 15], "texture": "#texture"},
				"south": {"uv": [14, 13, 15, 15], "texture": "#texture"},
				"west": {"uv": [14, 13, 15, 15], "texture": "#texture"},
				"up": {"uv": [14, 14, 15, 15], "texture": "#texture"},
				"down": {"uv": [14, 13, 15, 14], "texture": "#texture"}
			}
		},
		{
			"from": [14, 5, 15],
			"to": [15, 7, 16],
			"rotation": {"angle": 0, "axis": "y", "origin": [0, 0, 4]},
			"faces": {
				"north": {"uv": [1, 13, 2, 15], "texture": "#texture"},
				"east": {"uv": [1, 13, 2, 15], "texture": "#texture"},
				"south": {"uv": [1, 13, 2, 15], "texture": "#texture"},
				"west": {"uv": [1, 13, 2, 15], "texture": "#texture"},
				"up": {"uv": [1, 14, 2, 15], "texture": "#texture"},
				"down": {"uv": [1, 13, 2, 14], "texture": "#texture"}
			}
		},
		{
			"from": [4, 5, 15],
			"to": [12, 7, 16],
			"rotation": {"angle": 0, "axis": "y", "origin": [0, 0, 4]},
			"faces": {
				"north": {"uv": [4, 13, 12, 15], "texture": "#texture"},
				"east": {"uv": [11, 13, 12, 15], "texture": "#texture"},
				"south": {"uv": [4, 13, 12, 15], "texture": "#texture"},
				"west": {"uv": [4, 13, 5, 15], "texture": "#texture"},
				"up": {"uv": [4, 14, 12, 15], "texture": "#texture"},
				"down": {"uv": [4, 13, 12, 14], "texture": "#texture"}
			}
		},
		{
			"from": [1, 9, 15],
			"to": [2, 11, 16],
			"rotation": {"angle": 0, "axis": "y", "origin": [0, 0, 4]},
			"faces": {
				"north": {"uv": [14, 13, 15, 15], "texture": "#texture"},
				"east": {"uv": [14, 13, 15, 15], "texture": "#texture"},
				"south": {"uv": [14, 13, 15, 15], "texture": "#texture"},
				"west": {"uv": [14, 13, 15, 15], "texture": "#texture"},
				"up": {"uv": [14, 14, 15, 15], "texture": "#texture"},
				"down": {"uv": [14, 13, 15, 14], "texture": "#texture"}
			}
		},
		{
			"from": [14, 9, 15],
			"to": [15, 11, 16],
			"rotation": {"angle": 0, "axis": "y", "origin": [0, 0, 4]},
			"faces": {
				"north": {"uv": [1, 13, 2, 15], "texture": "#texture"},
				"east": {"uv": [1, 13, 2, 15], "texture": "#texture"},
				"south": {"uv": [1, 13, 2, 15], "texture": "#texture"},
				"west": {"uv": [1, 13, 2, 15], "texture": "#texture"},
				"up": {"uv": [1, 14, 2, 15], "texture": "#texture"},
				"down": {"uv": [1, 13, 2, 14], "texture": "#texture"}
			}
		},
		{
			"from": [4, 9, 15],
			"to": [12, 11, 16],
			"rotation": {"angle": 0, "axis": "y", "origin": [0, 0, 4]},
			"faces": {
				"north": {"uv": [4, 13, 12, 15], "texture": "#texture"},
				"east": {"uv": [11, 13, 12, 15], "texture": "#texture"},
				"south": {"uv": [4, 13, 12, 15], "texture": "#texture"},
				"west": {"uv": [4, 13, 5, 15], "texture": "#texture"},
				"up": {"uv": [4, 14, 12, 15], "texture": "#texture"},
				"down": {"uv": [4, 13, 12, 14], "texture": "#texture"}
			}
		},
		{
			"from": [1, 13, 15],
			"to": [2, 15, 16],
			"rotation": {"angle": 0, "axis": "y", "origin": [0, 0, 4]},
			"faces": {
				"north": {"uv": [14, 13, 15, 15], "texture": "#texture"},
				"east": {"uv": [14, 13, 15, 15], "texture": "#texture"},
				"south": {"uv": [14, 13, 15, 15], "texture": "#texture"},
				"west": {"uv": [14, 13, 15, 15], "texture": "#texture"},
				"up": {"uv": [14, 14, 15, 15], "texture": "#texture"},
				"down": {"uv": [14, 13, 15, 14], "texture": "#texture"}
			}
		},
		{
			"from": [14, 13, 15],
			"to": [15, 15, 16],
			"rotation": {"angle": 0, "axis": "y", "origin": [0, 0, 4]},
			"faces": {
				"north": {"uv": [1, 13, 2, 15], "texture": "#texture"},
				"east": {"uv": [1, 13, 2, 15], "texture": "#texture"},
				"south": {"uv": [1, 13, 2, 15], "texture": "#texture"},
				"west": {"uv": [1, 13, 2, 15], "texture": "#texture"},
				"up": {"uv": [1, 14, 2, 15], "texture": "#texture"},
				"down": {"uv": [1, 13, 2, 14], "texture": "#texture"}
			}
		},
		{
			"from": [4, 13, 15],
			"to": [12, 15, 16],
			"rotation": {"angle": 0, "axis": "y", "origin": [0, 0, 4]},
			"faces": {
				"north": {"uv": [4, 13, 12, 15], "texture": "#texture"},
				"east": {"uv": [11, 13, 12, 15], "texture": "#texture"},
				"south": {"uv": [4, 13, 12, 15], "texture": "#texture"},
				"west": {"uv": [4, 13, 5, 15], "texture": "#texture"},
				"up": {"uv": [4, 14, 12, 15], "texture": "#texture"},
				"down": {"uv": [4, 13, 12, 14], "texture": "#texture"}
			}
		}
	]
}