{"stat.useItem.minecraft.brick_stairs":1,"stat.useItem.minecraft.bow":561,"stat.useItem.minecraft.lapis_block":1,"stat.killEntity.EntityHorse":1,"stat.useItem.minecraft.painting":427,"stat.useItem.minecraft.quartz_block":1,"stat.useItem.minecraft.repeater":98,"stat.leaveGame":196,"stat.mineBlock.minecraft.pumpkin":3,"stat.useItem.minecraft.log2":14,"stat.useItem.minecraft.bookshelf":3,"stat.useItem.minecraft.soul_sand":9,"stat.useItem.minecraft.skull":19,"stat.useItem.minecraft.glowstone":179,"stat.killEntity.PigZombie":7,"stat.swimOneCm":51089,"stat.climbOneCm":18995,"stat.useItem.minecraft.planks":67,"stat.useItem.minecraft.coal_block":2,"stat.useItem.minecraft.obsidian":1,"stat.useItem.minecraft.redstone_torch":69,"stat.useItem.minecraft.dirt":147,"achievement.exploreAllBiomes":{"value":0,"progress":["Plains"]},"stat.useItem.minecraft.red_flower":3,"stat.useItem.minecraft.golden_sword":350,"stat.useItem.minecraft.vine":35,"stat.useItem.minecraft.leaves2":4,"stat.useItem.minecraft.iron_ore":3,"stat.useItem.minecraft.rail":1,"stat.useItem.minecraft.brick_block":7,"stat.useItem.minecraft.anvil":5,"stat.flyOneCm":4384031,"stat.useItem.minecraft.ender_pearl":1,"stat.killEntity.Villager":33,"stat.timeSinceDeath":40583,"stat.useItem.minecraft.sign":16,"stat.useItem.minecraft.spawn_egg":13,"stat.useItem.minecraft.wooden_slab":97,"stat.useItem.minecraft.noteblock":43,"stat.useItem.minecraft.lever":2,"stat.useItem.minecraft.hardened_clay":1,"stat.breakItem.minecraft.golden_sword":1,"stat.mineBlock.minecraft.vine":24,"stat.useItem.minecraft.oak_stairs":8,"stat.killEntity.Wolf":1,"stat.useItem.minecraft.acacia_stairs":2,"stat.useItem.minecraft.dark_oak_stairs":2,"stat.useItem.minecraft.armor_stand":30,"stat.talkedToVillager":3,"stat.useItem.minecraft.end_stone":1,"stat.useItem.minecraft.redstone":107,"stat.useItem.minecraft.sea_lantern":15,"stat.useItem.minecraft.milk_bucket":8,"stat.useItem.minecraft.red_sandstone":1,"achievement.mineWood":2,"stat.useItem.minecraft.trapdoor":1,"stat.sprintOneCm":837896,"stat.useItem.minecraft.diamond_block":3,"stat.useItem.minecraft.stained_glass":23,"stat.useItem.minecraft.hay_block":1,"stat.useItem.minecraft.fence":14,"stat.useItem.minecraft.stone_slab":22,"achievement.openInventory":1181,"stat.useItem.minecraft.flint_and_steel":161,"stat.useItem.minecraft.wheat_seeds":3,"stat.useItem.minecraft.wooden_button":16,"stat.useItem.minecraft.hopper":22,"stat.useItem.minecraft.dye":10,"stat.useItem.minecraft.bucket":1,"stat.deaths":38,"stat.drop":810,"stat.playOneMinute":1098748,"stat.killEntity.Sheep":2,"stat.useItem.minecraft.jungle_stairs":2,"stat.useItem.minecraft.diamond_ore":8,"stat.useItem.minecraft.nether_brick":2,"stat.useItem.minecraft.ladder":1,"stat.killEntity.Zombie":128,"stat.useItem.minecraft.birch_stairs":12,"stat.mineBlock.minecraft.tallgrass":1,"stat.diveOneCm":63051,"stat.useItem.minecraft.sticky_piston":1,"stat.useItem.minecraft.stone":913,"stat.useItem.minecraft.sponge":2,"stat.useItem.minecraft.waterlily":10,"stat.useItem.minecraft.ender_chest":6,"stat.useItem.minecraft.carpet":19,"stat.useItem.minecraft.potion":350,"stat.useItem.minecraft.clay":1,"stat.craftItem.minecraft.coal":64,"stat.useItem.minecraft.packed_ice":1,"stat.useItem.minecraft.quartz_ore":4,"stat.useItem.minecraft.flower_pot":2,"stat.useItem.minecraft.bedrock":77,"stat.jump":10826,"stat.useItem.minecraft.sand":24,"stat.useItem.minecraft.experience_bottle":65,"stat.fallOneCm":1681842,"stat.crouchOneCm":53458,"stat.useItem.minecraft.mycelium":1,"stat.useItem.minecraft.coal_ore":1,"stat.useItem.minecraft.stone_button":6,"stat.useItem.minecraft.glass":1,"stat.damageTaken":14198,"stat.useItem.minecraft.gold_block":6,"stat.useItem.minecraft.birch_fence":16,"stat.useItem.minecraft.stone_sword":1,"stat.damageDealt":62517,"stat.useItem.minecraft.wool":147,"stat.mineBlock.minecraft.dirt":7,"stat.useItem.minecraft.iron_bars":8,"stat.useItem.minecraft.command_block":68,"stat.walkOneCm":4838933,"stat.useItem.minecraft.chest":66,"stat.useItem.minecraft.pumpkin":5,"stat.useItem.minecraft.log":69,"stat.useItem.minecraft.cobblestone":5,"stat.useItem.minecraft.gravel":5,"stat.useItem.minecraft.emerald_block":11,"stat.useItem.minecraft.gold_ore":3,"stat.useItem.minecraft.golden_hoe":4,"stat.useItem.minecraft.redstone_block":1,"stat.useItem.minecraft.item_frame":60,"stat.useItem.minecraft.spruce_stairs":3,"stat.useItem.minecraft.leaves":39,"stat.useItem.minecraft.tallgrass":36,"stat.useItem.minecraft.netherrack":24,"stat.useItem.minecraft.prismarine":76,"stat.useItem.minecraft.iron_sword":4,"stat.killEntity.Chicken":2,"stat.useItem.minecraft.iron_block":3,"stat.useItem.minecraft.daylight_detector":1,"stat.mobKills":192,"stat.useItem.minecraft.stonebrick":3,"stat.useItem.minecraft.wooden_door":2,"stat.useItem.minecraft.golden_apple":71,"stat.useItem.minecraft.fishing_rod":308,"stat.useItem.minecraft.sandstone":58,"stat.useItem.minecraft.web":1}