{"stat.useItem.minecraft.brick_stairs":20,"stat.useItem.minecraft.bow":55,"stat.useItem.minecraft.quartz_block":668,"stat.useItem.minecraft.painting":16,"stat.useItem.minecraft.repeater":5,"stat.leaveGame":13,"stat.useItem.minecraft.diamond_sword":5,"stat.swimOneCm":23334,"stat.useItem.minecraft.snow":7,"stat.useItem.minecraft.planks":730,"stat.climbOneCm":1495,"stat.useItem.minecraft.fire_charge":52,"stat.useItem.minecraft.redstone_torch":71,"stat.useItem.minecraft.dirt":1336,"achievement.exploreAllBiomes":{"value":0,"progress":["Plains"]},"stat.useItem.minecraft.red_flower":6,"stat.useItem.minecraft.golden_sword":63,"stat.useItem.minecraft.vine":4,"stat.useItem.minecraft.leaves2":9,"stat.useItem.minecraft.iron_ore":2,"stat.useItem.minecraft.rail":45,"stat.useItem.minecraft.brick_block":172,"stat.useItem.minecraft.anvil":2,"stat.flyOneCm":1556321,"stat.killEntity.Villager":22,"stat.timeSinceDeath":166402,"stat.useItem.minecraft.fence_gate":2,"stat.useItem.minecraft.sign":43,"stat.useItem.minecraft.spawn_egg":2,"stat.useItem.minecraft.melon_block":6,"stat.useItem.minecraft.iron_door":18,"stat.useItem.minecraft.lever":1,"stat.useItem.minecraft.oak_stairs":93,"stat.killEntity.Wolf":1,"stat.useItem.minecraft.armor_stand":13,"stat.talkedToVillager":9,"stat.useItem.minecraft.double_plant":11,"stat.useItem.minecraft.minecart":1,"stat.useItem.minecraft.redstone":24,"achievement.mineWood":3,"stat.useItem.minecraft.written_book":2,"stat.useItem.minecraft.trapdoor":11,"stat.sprintOneCm":721816,"stat.useItem.minecraft.stained_glass":26,"stat.useItem.minecraft.hay_block":3,"stat.useItem.minecraft.fence":187,"stat.useItem.minecraft.bed":2,"achievement.openInventory":445,"stat.useItem.minecraft.flint_and_steel":44,"stat.useItem.minecraft.wooden_button":2,"stat.useItem.minecraft.stone_pressure_plate":30,"stat.useItem.minecraft.dye":524,"stat.deaths":13,"stat.drop":474,"stat.playOneMinute":391400,"stat.killEntity.Sheep":2,"stat.useItem.minecraft.diamond_ore":1,"stat.mineBlock.minecraft.tallgrass":1,"stat.diveOneCm":7251,"stat.useItem.minecraft.lapis_ore":2,"stat.useItem.minecraft.stone":104,"stat.useItem.minecraft.quartz_stairs":55,"stat.useItem.minecraft.waterlily":43,"stat.useItem.minecraft.ender_chest":1,"stat.useItem.minecraft.potion":326,"stat.useItem.minecraft.bedrock":2,"stat.jump":2687,"stat.useItem.minecraft.sand":264,"stat.useItem.minecraft.experience_bottle":109,"stat.fallOneCm":2417,"stat.useItem.minecraft.trapped_chest":2,"stat.crouchOneCm":19294,"stat.useItem.minecraft.coal_ore":2,"stat.useItem.minecraft.stone_button":11,"stat.useItem.minecraft.emerald_ore":1,"stat.useItem.minecraft.glass":8,"stat.useItem.minecraft.dispenser":3,"stat.useItem.minecraft.sapling":74,"stat.useItem.minecraft.redstone_lamp":12,"stat.useItem.minecraft.golden_rail":10,"stat.damageTaken":4490,"stat.useItem.minecraft.stone_brick_stairs":4,"stat.useItem.minecraft.furnace":1,"stat.useItem.minecraft.reeds":12,"stat.useItem.minecraft.acacia_door":1,"stat.useItem.minecraft.enchanting_table":2,"stat.damageDealt":5815,"stat.useItem.minecraft.wool":55,"stat.useItem.minecraft.crafting_table":1,"stat.useItem.minecraft.iron_bars":7,"stat.useItem.minecraft.command_block":14,"stat.walkOneCm":1905884,"stat.useItem.minecraft.torch":49,"stat.useItem.minecraft.chest":2,"stat.useItem.minecraft.pumpkin":29,"stat.useItem.minecraft.log":111,"stat.useItem.minecraft.comparator":8,"stat.useItem.minecraft.cobblestone":24,"stat.useItem.minecraft.tnt":95,"stat.useItem.minecraft.gold_ore":2,"stat.useItem.minecraft.item_frame":95,"stat.useItem.minecraft.leaves":33,"stat.useItem.minecraft.redstone_ore":3,"stat.useItem.minecraft.cactus":10,"stat.useItem.minecraft.glass_pane":24,"stat.useItem.minecraft.netherrack":1,"stat.useItem.minecraft.birch_door":7,"stat.useItem.minecraft.iron_block":98,"stat.useItem.minecraft.jungle_door":1,"stat.mobKills":28,"stat.useItem.minecraft.wooden_pressure_plate":21,"stat.useItem.minecraft.stonebrick":6,"stat.useItem.minecraft.wooden_door":4,"stat.useItem.minecraft.monster_egg":371,"stat.useItem.minecraft.spruce_door":1,"stat.useItem.minecraft.fishing_rod":65,"stat.useItem.minecraft.web":3}