{"stat.useItem.minecraft.brick_stairs":31,"stat.useItem.minecraft.bow":278,"stat.useItem.minecraft.quartz_block":82,"stat.useItem.minecraft.painting":262,"stat.killEntity.EntityHorse":4,"stat.horseOneCm":249,"stat.useItem.minecraft.repeater":161,"stat.leaveGame":15,"stat.useItem.minecraft.skull":32,"stat.useItem.minecraft.diamond_sword":195,"stat.useItem.minecraft.glowstone":46,"stat.swimOneCm":3759,"stat.useItem.minecraft.snow":2,"stat.useItem.minecraft.planks":162,"stat.useItem.minecraft.nether_brick_stairs":7,"stat.useItem.minecraft.redstone_torch":70,"stat.useItem.minecraft.dirt":299,"achievement.exploreAllBiomes":{"value":0,"progress":["Plains"]},"stat.useItem.minecraft.diamond_hoe":7,"stat.useItem.minecraft.red_flower":6,"stat.useItem.minecraft.golden_sword":61,"stat.useItem.minecraft.brick_block":62,"stat.useItem.minecraft.anvil":14,"stat.flyOneCm":801144,"stat.killEntity.Villager":31,"stat.timeSinceDeath":43644,"stat.useItem.minecraft.fence_gate":2,"stat.hopperInspected":5,"stat.useItem.minecraft.sign":63,"stat.useItem.minecraft.spawn_egg":9,"stat.useItem.minecraft.wooden_slab":3,"stat.useItem.minecraft.iron_door":5,"stat.killEntity.Bat":1,"stat.useItem.minecraft.lever":6,"stat.useItem.minecraft.oak_stairs":47,"stat.useItem.minecraft.armor_stand":5,"stat.talkedToVillager":12,"stat.useItem.minecraft.minecart":1,"stat.useItem.minecraft.redstone":361,"stat.useItem.minecraft.milk_bucket":1,"stat.useItem.minecraft.trapdoor":3,"stat.sprintOneCm":47649,"stat.useItem.minecraft.diamond_block":3,"stat.useItem.minecraft.stained_glass":30,"stat.useItem.minecraft.fence":31,"stat.useItem.minecraft.stone_slab":34,"achievement.openInventory":368,"stat.useItem.minecraft.flint_and_steel":12,"stat.useItem.minecraft.wheat_seeds":7,"stat.useItem.minecraft.wooden_button":18,"stat.useItem.minecraft.stone_pressure_plate":12,"stat.useItem.minecraft.hopper":6,"stat.useItem.minecraft.dye":27,"stat.deaths":1,"stat.drop":51,"stat.playOneMinute":510164,"stat.useItem.minecraft.wooden_sword":1,"stat.useItem.minecraft.cake":5,"stat.useItem.minecraft.jungle_stairs":8,"stat.killEntity.Sheep":10,"stat.useItem.minecraft.nether_brick":3,"stat.diveOneCm":3124,"stat.useItem.minecraft.stone":35,"stat.useItem.minecraft.quartz_stairs":10,"stat.useItem.minecraft.waterlily":2,"stat.useItem.minecraft.carpet":39,"stat.useItem.minecraft.heavy_weighted_pressure_plate":16,"stat.useItem.minecraft.potion":58,"stat.useItem.minecraft.stained_glass_pane":1,"stat.useItem.minecraft.flower_pot":5,"stat.useItem.minecraft.bedrock":18,"stat.jump":1020,"stat.useItem.minecraft.sand":4,"stat.useItem.minecraft.experience_bottle":13,"stat.fallOneCm":108487,"stat.crouchOneCm":26429,"stat.useItem.minecraft.stone_button":34,"stat.useItem.minecraft.light_weighted_pressure_plate":2,"stat.useItem.minecraft.dispenser":5,"stat.useItem.minecraft.glass":7,"stat.useItem.minecraft.redstone_lamp":1,"stat.useItem.minecraft.dark_oak_fence":5,"stat.damageTaken":3290,"stat.useItem.minecraft.stone_brick_stairs":28,"stat.useItem.minecraft.furnace":3,"stat.dispenserInspected":8,"stat.useItem.minecraft.acacia_door":2,"stat.damageDealt":2152205,"stat.killEntity.Rabbit":8,"stat.useItem.minecraft.wool":172,"stat.killEntity.Cow":8,"stat.useItem.minecraft.crafting_table":3,"stat.killEntity.Pig":2,"stat.useItem.minecraft.command_block":124,"stat.walkOneCm":2363483,"stat.useItem.minecraft.torch":24,"stat.useItem.minecraft.chest":6,"stat.useItem.minecraft.pumpkin":1,"stat.useItem.minecraft.cobblestone":1,"stat.useItem.minecraft.item_frame":18,"stat.useItem.minecraft.stained_hardened_clay":4,"stat.useItem.minecraft.tallgrass":14,"stat.useItem.minecraft.fireworks":32,"stat.useItem.minecraft.glass_pane":15,"stat.useItem.minecraft.netherrack":2,"stat.killEntity.Skeleton":1,"stat.useItem.minecraft.tripwire_hook":1,"stat.killEntity.Chicken":6,"stat.useItem.minecraft.jungle_door":1,"stat.mobKills":73,"stat.useItem.minecraft.wooden_pressure_plate":9,"stat.useItem.minecraft.stonebrick":29,"stat.useItem.minecraft.monster_egg":73,"stat.useItem.minecraft.mossy_cobblestone":2,"stat.useItem.minecraft.cobblestone_wall":14,"stat.useItem.minecraft.writable_book":1,"stat.useItem.minecraft.fishing_rod":9,"stat.useItem.minecraft.sandstone":5,"stat.useItem.minecraft.web":1}