{
	"credit": "Made with Blockbench",
	"ambientocclusion": false,
	"texture_size": [64, 64],
	"textures": {
		"3": "blocks/bed_under_head",
		"4": "blocks/bed_foot",
		"6": "blocks/bed_head_end",
		"side": "blocks/bed_head_side",
		"particle": "blocks/bed_head_top"
	},
	"elements": [
		{
			"from": [16, 5, 20],
			"to": [32, 7, 25],
			"faces": {
				"east": {"uv": [9, 13, 4, 15], "texture": "#side"},
				"west": {"uv": [4, 13, 9, 15], "texture": "#side"}
			}
		},
		{
			"from": [0, 3, 0],
			"to": [16, 9, 16],
			"faces": {
				"east": {"uv": [2, 4.75, 6, 6.25], "texture": "#side"},
				"south": {"uv": [0, 0, 0, 0], "texture": "#side"},
				"west": {"uv": [0, 7, 16, 13], "texture": "#side"},
				"up": {"uv": [12, 2, 8, 6], "rotation": 180, "texture": "#side"}
			}
		},
		{
			"from": [0, 3, 0],
			"to": [16, 9, 16],
			"faces": {
				"east": {"uv": [16, 7, 0, 13], "texture": "#side"},
				"south": {"uv": [0, 1.75, 4, 3.25], "texture": "#side"},
				"west": {"uv": [2, 4.75, 6, 6.25], "texture": "#side"},
				"up": {"uv": [12, 2, 8, 6], "texture": "#side"}
			}
		},
		{
			"from": [0, 0, 13],
			"to": [3, 3, 16],
			"faces": {
				"north": {"uv": [0, 13, 3, 16], "texture": "#6"},
				"east": {"uv": [13, 13, 16, 16], "texture": "#6"},
				"south": {"uv": [0, 13, 3, 16], "texture": "#6"},
				"west": {"uv": [13, 13, 16, 16], "texture": "#6"},
				"down": {"uv": [0, 0, 16, 16], "texture": "#4"}
			}
		},
		{
			"from": [13, 0, 13],
			"to": [16, 3, 16],
			"faces": {
				"north": {"uv": [13, 13, 16, 16], "texture": "#6"},
				"east": {"uv": [0, 13, 3, 16], "texture": "#6"},
				"south": {"uv": [13, 13, 16, 16], "texture": "#6"},
				"west": {"uv": [0, 13, 3, 16], "texture": "#6"},
				"down": {"uv": [0, 0, 16, 16], "texture": "#4"}
			}
		},
		{
			"from": [0, 9, 0],
			"to": [16, 9, 16],
			"faces": {
				"north": {"uv": [0, 0, 4, 0], "texture": "#particle"},
				"east": {"uv": [0, 0, 4, 0], "texture": "#particle"},
				"south": {"uv": [0, 0, 4, 0], "texture": "#particle"},
				"west": {"uv": [0, 0, 4, 0], "texture": "#particle"},
				"up": {"uv": [0, 0, 16, 16], "rotation": 90, "texture": "#particle"}
			}
		},
		{
			"from": [0, 3, 16],
			"to": [16, 9, 16],
			"faces": {
				"north": {"uv": [0, 0, 4, 1.5], "texture": "#6"},
				"east": {"uv": [0, 0, 0, 1.5], "texture": "#6"},
				"south": {"uv": [0, 7, 16, 13], "texture": "#6"},
				"west": {"uv": [0, 0, 0, 1.5], "texture": "#6"},
				"up": {"uv": [0, 0, 4, 0], "texture": "#6"},
				"down": {"uv": [0, 0, 4, 0], "texture": "#6"}
			}
		},
		{
			"from": [0, 3, 0],
			"to": [16, 3, 16],
			"faces": {
				"north": {"uv": [0, 0, 4, 0], "texture": "#missing"},
				"east": {"uv": [0, 0, 3.25, 0], "texture": "#missing"},
				"south": {"uv": [0, 0, 4, 0], "texture": "#missing"},
				"west": {"uv": [0, 0, 3.25, 0], "texture": "#missing"},
				"down": {"uv": [0, 0, 16, 16], "texture": "#3"}
			}
		}
	],
	"groups": [
		{
			"name": "bed_head",
			"origin": [8, 8, 8],
			"color": 0,
			"children": [
				0,
				{
					"name": "head",
					"origin": [0, 0, 0],
					"color": 0,
					"children": []
				}
			]
		},
		1,
		2,
		3,
		4,
		5,
		6,
		7
	]
}