{
	"credit": "Made with Blockbench",
	"ambientocclusion": false,
	"texture_size": [32, 32],
	"textures": {
		"texture": "blocks/ladder",
		"particle": "blocks/planks_oak"
	},
	"elements": [
		{
			"from": [12, 0, 15],
			"to": [14, 16, 16],
			"faces": {
				"north": {"uv": [2, 0, 4, 16], "texture": "#texture"},
				"east": {"uv": [13, 0, 14, 16], "texture": "#texture"},
				"south": {"uv": [2, 0, 4, 16], "texture": "#texture"},
				"west": {"uv": [3, 0, 4, 16], "texture": "#texture"},
				"up": {"uv": [12, 15, 14, 16], "texture": "#texture"},
				"down": {"uv": [12, 0, 14, 1], "texture": "#texture"}
			}
		},
		{
			"from": [1, 12, 14],
			"to": [15, 14.5, 15],
			"faces": {
				"north": {"uv": [1, 1.5, 15, 4], "texture": "#texture"},
				"east": {"uv": [1, 1.5, 2, 4], "texture": "#texture"},
				"south": {"uv": [1, 1.5, 15, 4], "texture": "#texture"},
				"west": {"uv": [14, 1.5, 15, 4], "texture": "#texture"},
				"up": {"uv": [1, 1.5, 15, 2.5], "texture": "#texture"},
				"down": {"uv": [1, 2, 15, 3], "texture": "#texture"}
			}
		},
		{
			"from": [2, 0, 15],
			"to": [4, 16, 16],
			"faces": {
				"north": {"uv": [12, 0, 14, 16], "texture": "#texture"},
				"east": {"uv": [13, 0, 14, 16], "texture": "#texture"},
				"south": {"uv": [12, 0, 14, 16], "texture": "#texture"},
				"west": {"uv": [13, 0, 14, 16], "texture": "#texture"},
				"up": {"uv": [2, 15, 4, 16], "texture": "#texture"},
				"down": {"uv": [2, 0, 4, 1], "texture": "#texture"}
			}
		},
		{
			"from": [1, 2, 14],
			"to": [15, 4.5, 15],
			"faces": {
				"north": {"uv": [1, 11.5, 15, 14], "texture": "#texture"},
				"east": {"uv": [1, 11.5, 2, 14], "texture": "#texture"},
				"south": {"uv": [1, 11.5, 15, 14], "texture": "#texture"},
				"west": {"uv": [14, 11.5, 15, 14], "texture": "#texture"},
				"up": {"uv": [1, 12, 15, 13], "texture": "#texture"},
				"down": {"uv": [1, 2, 15, 3], "texture": "#texture"}
			}
		},
		{
			"from": [1, 7, 14],
			"to": [15, 9.5, 15],
			"faces": {
				"north": {"uv": [1, 6.5, 15, 9], "texture": "#texture"},
				"east": {"uv": [1, 6.5, 2, 9], "texture": "#texture"},
				"south": {"uv": [1, 6.5, 15, 9], "texture": "#texture"},
				"west": {"uv": [14, 6.5, 15, 9], "texture": "#texture"},
				"up": {"uv": [1, 6.5, 15, 7.5], "texture": "#texture"},
				"down": {"uv": [1, 2, 15, 3], "texture": "#texture"}
			}
		}
	]
}