{
	"credit": "Made with Blockbench",
	"textures": {
		"0": "blocks/planks_oak",
		"1": "blocks/bed_feet_top",
		"2": "blocks/bed_head_sheets_one",
		"particle": "blocks/planks_oak"
	},
	"elements": [
		{
			"from": [0, 0, 0],
			"to": [2, 12, 2],
			"faces": {
				"north": {"uv": [14, 0, 16, 12], "texture": "#0"},
				"east": {"uv": [0, 0, 2, 12], "texture": "#0"},
				"south": {"uv": [14, 0, 16, 12], "texture": "#0"},
				"west": {"uv": [0, 0, 2, 12], "texture": "#0"},
				"up": {"uv": [0, 0, 2, 2], "texture": "#0"},
				"down": {"uv": [0, 0, 2, 2], "texture": "#0"}
			}
		},
		{
			"from": [14, 0, 0],
			"to": [16, 12, 2],
			"faces": {
				"north": {"uv": [0, 0, 2, 12], "texture": "#0"},
				"east": {"uv": [14, 0, 16, 12], "texture": "#0"},
				"south": {"uv": [0, 0, 2, 12], "texture": "#0"},
				"west": {"uv": [14, 0, 16, 12], "texture": "#0"},
				"up": {"uv": [14, 0, 16, 2], "texture": "#0"},
				"down": {"uv": [14, 0, 16, 2], "texture": "#0"}
			}
		},
		{
			"from": [0.5, 3, 2],
			"to": [15.5, 5, 16],
			"faces": {
				"north": {"uv": [0, 4, 16, 6], "texture": "#0"},
				"east": {"uv": [2, 13, 16, 15], "texture": "#0"},
				"south": {"uv": [0, 0, 16, 2], "texture": "#0"},
				"west": {"uv": [0, 0, 14, 2], "texture": "#0"},
				"up": {"uv": [0, 2, 16, 16], "texture": "#0"},
				"down": {"uv": [0, 1, 16, 15], "texture": "#0"}
			}
		},
		{
			"from": [1, 5, 2.5],
			"to": [15, 8, 16],
			"faces": {
				"north": {"uv": [0, 0, 16, 4], "texture": "#2"},
				"east": {"uv": [0, 0, 16, 4], "texture": "#2"},
				"south": {"uv": [0, 0, 16, 4], "texture": "#2"},
				"west": {"uv": [0, 0, 16, 4], "texture": "#2"},
				"up": {"uv": [0, 0, 16, 16], "texture": "#2"},
				"down": {"uv": [0, 0, 14, 13.5], "texture": "#missing"}
			}
		},
		{
			"from": [2, 3, 1],
			"to": [14, 12, 2],
			"faces": {
				"north": {"uv": [0, 4, 16, 15], "texture": "#0"},
				"east": {"uv": [0, 0, 1, 12], "texture": "#missing"},
				"south": {"uv": [0, 4, 16, 15], "texture": "#0"},
				"west": {"uv": [0, 0, 1, 12], "texture": "#missing"},
				"up": {"uv": [0, 2, 16, 3], "texture": "#0"},
				"down": {"uv": [0, 1, 16, 2], "texture": "#0"}
			}
		},
		{
			"from": [2, 11, 0],
			"to": [14, 12, 1],
			"faces": {
				"north": {"uv": [0, 0, 16, 1], "texture": "#0"},
				"east": {"uv": [0, 0, 1, 1], "texture": "#missing"},
				"south": {"uv": [0, 1, 16, 2], "texture": "#missing"},
				"west": {"uv": [0, 0, 1, 1], "texture": "#missing"},
				"up": {"uv": [0, 13, 16, 14], "texture": "#0"},
				"down": {"uv": [0, 4, 16, 5], "texture": "#0"}
			}
		},
		{
			"from": [2, 3, 0],
			"to": [14, 4, 1],
			"faces": {
				"north": {"uv": [0, 0, 16, 1], "texture": "#0"},
				"east": {"uv": [0, 0, 1, 1], "texture": "#missing"},
				"south": {"uv": [0, 1, 16, 2], "texture": "#missing"},
				"west": {"uv": [0, 0, 1, 1], "texture": "#missing"},
				"up": {"uv": [0, 13, 16, 14], "texture": "#0"},
				"down": {"uv": [0, 4, 16, 5], "texture": "#0"}
			}
		},
		{
			"from": [0, 3.9, 4],
			"to": [16, 8.9, 16],
			"faces": {
				"north": {"uv": [0, 0, 16, 6], "rotation": 90, "texture": "#1"},
				"east": {"uv": [0, 0, 16, 6], "rotation": 180, "texture": "#1"},
				"south": {"uv": [0, 0, 16, 6], "rotation": 270, "texture": "#1"},
				"west": {"uv": [0, 0, 16, 6], "texture": "#1"},
				"up": {"uv": [0, 0, 16, 16], "rotation": 90, "texture": "#1"},
				"down": {"uv": [0, 0, 16, 16], "rotation": 270, "texture": "#1"}
			}
		}
	]
}