{
	"credit": "Made with Blockbench",
	"textures": {
		"1": "blocks/planks_oak",
		"2": "blocks/bed_pillow",
		"3": "entity/rookery",
		"4": "blocks/bed_head_sheets_two",
		"5": "blocks/bed_head_top",
		"particle": "blocks/planks_oak"
	},
	"elements": [
		{
			"from": [0, 0, 14],
			"to": [2, 16, 16],
			"faces": {
				"north": {"uv": [0, 0, 2, 16], "texture": "#1"},
				"east": {"uv": [14, 0, 16, 16], "texture": "#1"},
				"south": {"uv": [0, 0, 2, 16], "texture": "#1"},
				"west": {"uv": [14, 0, 16, 16], "texture": "#1"},
				"up": {"uv": [0, 0, 2, 2], "texture": "#1"},
				"down": {"uv": [0, 14, 2, 16], "texture": "#1"}
			}
		},
		{
			"from": [14, 0, 14],
			"to": [16, 16, 16],
			"faces": {
				"north": {"uv": [0, 0, 2, 16], "texture": "#1"},
				"east": {"uv": [14, 0, 16, 16], "texture": "#1"},
				"south": {"uv": [0, 0, 2, 16], "texture": "#1"},
				"west": {"uv": [14, 0, 16, 16], "texture": "#1"},
				"up": {"uv": [0, 0, 2, 2], "texture": "#1"},
				"down": {"uv": [0, 14, 2, 16], "texture": "#1"}
			}
		},
		{
			"from": [2, 3, 14],
			"to": [14, 15, 15],
			"faces": {
				"north": {"uv": [0, 0, 16, 16], "texture": "#1"},
				"east": {"uv": [0, 0, 1, 12], "texture": "#missing"},
				"south": {"uv": [0, 0, 16, 16], "texture": "#1"},
				"west": {"uv": [0, 0, 1, 12], "texture": "#missing"},
				"up": {"uv": [0, 0, 16, 1], "texture": "#1"},
				"down": {"uv": [0, 4, 16, 5], "texture": "#1"}
			}
		},
		{
			"from": [2, 3, 15],
			"to": [14, 4, 16],
			"faces": {
				"north": {"uv": [0, 0, 12, 1], "texture": "#missing"},
				"east": {"uv": [0, 0, 1, 1], "texture": "#missing"},
				"south": {"uv": [0, 0, 16, 1], "texture": "#1"},
				"west": {"uv": [0, 0, 1, 1], "texture": "#missing"},
				"up": {"uv": [0, 2, 16, 3], "texture": "#1"},
				"down": {"uv": [0, 1, 16, 2], "texture": "#1"}
			}
		},
		{
			"from": [2, 14, 15],
			"to": [14, 15, 16],
			"faces": {
				"north": {"uv": [0, 0, 12, 1], "texture": "#missing"},
				"east": {"uv": [0, 0, 1, 1], "texture": "#missing"},
				"south": {"uv": [0, 1, 16, 2], "texture": "#1"},
				"west": {"uv": [0, 0, 1, 1], "texture": "#missing"},
				"up": {"uv": [0, 14, 16, 15], "texture": "#1"},
				"down": {"uv": [0, 2, 16, 3], "texture": "#1"}
			}
		},
		{
			"from": [2, 8.5, 15],
			"to": [14, 9.5, 16],
			"faces": {
				"north": {"uv": [0, 0, 12, 1], "texture": "#missing"},
				"east": {"uv": [0, 0, 1, 1], "texture": "#missing"},
				"south": {"uv": [0, 4, 16, 5], "texture": "#1"},
				"west": {"uv": [0, 0, 1, 1], "texture": "#missing"},
				"up": {"uv": [0, 5, 16, 6], "texture": "#1"},
				"down": {"uv": [0, 6, 16, 7], "texture": "#1"}
			}
		},
		{
			"from": [0.5, 3, 0],
			"to": [15.5, 5, 14],
			"faces": {
				"north": {"uv": [0, 4, 16, 6], "texture": "#1"},
				"east": {"uv": [0, 13, 14, 15], "texture": "#1"},
				"south": {"uv": [0, 0, 15, 2], "texture": "#missing"},
				"west": {"uv": [2, 0, 16, 2], "texture": "#1"},
				"up": {"uv": [0, 2, 16, 16], "texture": "#1"},
				"down": {"uv": [0, 2, 16, 16], "texture": "#1"}
			}
		},
		{
			"from": [1, 5, 0],
			"to": [15, 8, 13.5],
			"faces": {
				"north": {"uv": [0, 0, 16, 4], "texture": "#2"},
				"east": {"uv": [0, 0, 16, 4], "texture": "#2"},
				"south": {"uv": [0, 0, 16, 4], "texture": "#2"},
				"west": {"uv": [0, 0, 16, 4], "texture": "#2"},
				"up": {"uv": [0, 0, 16, 16], "texture": "#4"},
				"down": {"uv": [0, 0, 14, 13.5], "texture": "#missing"}
			}
		},
		{
			"from": [2.1, 7.7, 8.8],
			"to": [13.9, 9.7, 13],
			"faces": {
				"north": {"uv": [1, 3, 15, 6], "texture": "#4"},
				"east": {"uv": [0, 0, 5, 3], "texture": "#2"},
				"south": {"uv": [1, 0, 15, 3], "texture": "#2"},
				"west": {"uv": [11, 0, 16, 3], "texture": "#4"},
				"up": {"uv": [1, 0, 15, 3], "texture": "#2"},
				"down": {"uv": [0, 0, 12, 3], "texture": "#missing"}
			}
		},
		{
			"from": [2, 4, 10.7],
			"to": [14, 6, 15.7],
			"rotation": {"angle": -22.5, "axis": "x", "origin": [0, 0, 0]},
			"faces": {
				"north": {"uv": [0, 9, 16, 11], "texture": "#2"},
				"east": {"uv": [0, 0, 5, 2], "texture": "#2"},
				"south": {"uv": [0, 7, 16, 9], "texture": "#2"},
				"west": {"uv": [0, 0, 5, 2], "texture": "#2"},
				"up": {"uv": [0, 11, 16, 16], "texture": "#2"},
				"down": {"uv": [0, 0, 11.8, 5], "texture": "#missing"}
			}
		},
		{
			"from": [2.1, -0.6, 8],
			"to": [13.9, 1.4, 12.2],
			"rotation": {"angle": -45, "axis": "x", "origin": [0, 0, 0]},
			"faces": {
				"north": {"uv": [1, 3, 15, 6], "texture": "#4"},
				"east": {"uv": [0, 0, 5, 3], "texture": "#2"},
				"south": {"uv": [1, 0, 15, 3], "texture": "#2"},
				"west": {"uv": [11, 0, 16, 3], "texture": "#4"},
				"up": {"uv": [0, 2, 16, 5], "texture": "#2"},
				"down": {"uv": [0, 0, 12, 3], "texture": "#missing"}
			}
		},
		{
			"from": [6.9, 10.3, 2.8],
			"to": [9.1, 12.4, 5],
			"rotation": {"angle": 0, "axis": "y", "origin": [0, -2.1, -4.8]},
			"faces": {
				"north": {"uv": [10, 2, 12, 4], "texture": "#3"},
				"east": {"uv": [8, 2, 10, 4], "texture": "#3"},
				"south": {"uv": [14, 2, 16, 4], "texture": "#3"},
				"west": {"uv": [12, 2, 14, 4], "texture": "#3"},
				"up": {"uv": [10, 0, 12, 2], "rotation": 180, "texture": "#3"},
				"down": {"uv": [12, 0, 14, 2], "texture": "#3"}
			}
		},
		{
			"from": [8.8, 0.2, 8.5],
			"to": [9.3, 0.7, 10.1],
			"rotation": {"angle": -45, "axis": "x", "origin": [0, -2.1, -4.8]},
			"faces": {
				"north": {"uv": [9.75, 12, 10.5, 13], "texture": "#3"},
				"east": {"uv": [9, 13, 10, 16], "rotation": 270, "texture": "#3"},
				"south": {"uv": [9, 12, 9.75, 13], "texture": "#3"},
				"west": {"uv": [10, 16, 9, 13.025], "rotation": 270, "texture": "#3"},
				"up": {"uv": [8, 16, 9, 13], "texture": "#3"},
				"down": {"uv": [10, 13, 11, 16], "texture": "#3"}
			}
		},
		{
			"from": [7, 10.3, 2.9],
			"to": [9, 12.3, 4.9],
			"rotation": {"angle": 0, "axis": "y", "origin": [0, -2.1, -4.8]},
			"faces": {
				"north": {"uv": [2, 2, 4, 4], "texture": "#3"},
				"east": {"uv": [0, 2, 2, 4], "texture": "#3"},
				"south": {"uv": [6, 2, 8, 4], "texture": "#3"},
				"west": {"uv": [4, 2, 6, 4], "texture": "#3"},
				"up": {"uv": [2, 0, 4, 2], "texture": "#3"},
				"down": {"uv": [4, 0, 6, 2], "texture": "#3"}
			}
		},
		{
			"from": [3.2, 7.9, 4.3],
			"to": [3.9, 8.6, 6.5],
			"rotation": {"angle": 22.5, "axis": "y", "origin": [0, -2.1, -4.8]},
			"faces": {
				"north": {"uv": [6, 12, 7, 13], "texture": "#3"},
				"east": {"uv": [5, 13, 6, 16], "rotation": 270, "texture": "#3"},
				"south": {"uv": [5, 12, 6, 13], "texture": "#3"},
				"west": {"uv": [6, 13, 7, 16], "rotation": 90, "texture": "#3"},
				"up": {"uv": [4, 13, 5, 16], "rotation": 180, "texture": "#3"},
				"down": {"uv": [26.9, 53.9, 29.8, 62.3], "rotation": 180, "texture": "#missing"}
			}
		},
		{
			"from": [7.2, 8.1, 3.4],
			"to": [8.8, 10.3, 4.4],
			"rotation": {"angle": 0, "axis": "y", "origin": [0, -2.1, -4.8]},
			"faces": {
				"north": {"uv": [5, 5, 7, 8], "texture": "#3"},
				"east": {"uv": [4, 5, 5, 8], "texture": "#3"},
				"south": {"uv": [8, 5, 10, 8], "texture": "#3"},
				"west": {"uv": [7, 5, 8, 8], "texture": "#3"},
				"up": {"uv": [0, 0, 1.6, 1], "texture": "#missing"},
				"down": {"uv": [7, 29, 12.6, 32], "texture": "#missing"}
			}
		},
		{
			"from": [10.9, 7.9, -1.9],
			"to": [11.6, 8.6, 0.3],
			"rotation": {"angle": -22.5, "axis": "y", "origin": [0, -2.1, -4.8]},
			"faces": {
				"north": {"uv": [6, 12, 7, 13], "texture": "#3"},
				"east": {"uv": [6, 13, 7, 16], "rotation": 270, "texture": "#3"},
				"south": {"uv": [5, 12, 5.975, 13], "texture": "#3"},
				"west": {"uv": [5, 13, 6, 16], "rotation": 90, "texture": "#3"},
				"up": {"uv": [4, 13, 5, 16], "rotation": 180, "texture": "#3"},
				"down": {"uv": [26.9, 53.9, 29.8, 62.3], "rotation": 180, "texture": "#missing"}
			}
		},
		{
			"from": [6.8, 0.2, 8.5],
			"to": [7.3, 0.7, 10.1],
			"rotation": {"angle": -45, "axis": "x", "origin": [0, -2.1, -4.8]},
			"faces": {
				"north": {"uv": [9.75, 12, 10.5, 13], "texture": "#3"},
				"east": {"uv": [9, 13, 10, 16], "rotation": 270, "texture": "#3"},
				"south": {"uv": [9, 12, 9.75, 13], "texture": "#3"},
				"west": {"uv": [10, 16, 9, 13.025], "rotation": 270, "texture": "#3"},
				"up": {"uv": [8, 16, 9, 13], "texture": "#3"},
				"down": {"uv": [10, 13, 11, 16], "texture": "#3"}
			}
		},
		{
			"from": [0, 3.9, 0],
			"to": [16, 8.9, 3],
			"faces": {
				"north": {"uv": [3, 0, 6, 16], "rotation": 90, "texture": "#5"},
				"east": {"uv": [0, 0, 3, 6], "rotation": 180, "texture": "#5"},
				"south": {"uv": [3, 0, 6, 16], "rotation": 270, "texture": "#5"},
				"west": {"uv": [0, 0, 3, 6], "texture": "#5"},
				"up": {"uv": [0, 0, 3, 16], "rotation": 90, "texture": "#5"},
				"down": {"uv": [0, 0, 3, 16], "rotation": 270, "texture": "#5"}
			}
		}
	]
}